Machine,NumberOfSections,TimeDateStamp,PointerToSymbolTable,NumberOfSymbols,Characteristics,SizeOfCode,SizeOfInitializedData,SizeOfUninitializedData,AddressOfEntryPoint,BaseOfCode,BaseOfData,SectionAlignment,FileAlignment,MajorImageVersion,MinorImageVersion,SizeOfImage,SizeOfHeaders,CheckSum,DllCharacteristics,SizeOfStackReserve,SizeOfStackCommit,SizeOfHeapReserve,SizeOfHeapCommit,NumberOfRvaAndSizes,NumberOfPackedSections,NumberOfImportedDLLs,NumberOfImportedFunctions,FileCategory
332,5,1260053452,0,0,271,24064,164864,1024,12580,4096,28672,4096,512,6,0,344064,1024,0,32768,1048576,4096,1048576,4096,16,0,8,155,1
332,2,1192207932,0,0,271,28160,1024,0,31351,4096,12,4096,512,0,0,81920,1024,95260,0,1048576,4096,1048576,4096,16,0,1,8,1
332,7,1306325369,0,0,270,4849664,2424832,0,4553119,4096,495616,4096,4096,0,0,4857856,4096,0,0,1048576,4096,1048576,4096,16,0,14,433,1
332,4,1198851095,0,0,271,89600,0,0,36906,4096,12,4096,512,0,0,98304,512,142585,0,1048576,4096,1048576,4096,16,0,1,17,1
332,4,1198851095,0,0,271,28672,2560,0,36906,4096,32768,4096,512,0,0,73728,1024,66121,0,1048576,4096,1048576,4096,16,0,1,17,1
332,4,1377857448,13018,840695160,271,131072,647168,516096,16872,4096,135168,4096,512,9,33,757760,1024,0,0,1658880,8192,1204224,8192,973530099,0,2,13,1
332,4,1279875750,0,0,271,6656,125952,0,9768,4096,12288,4096,512,0,0,142396,1024,0,0,1048576,4096,1048576,4096,16,0,2,48,1
332,6,1090534936,0,0,259,45056,786432,16384,38792,4096,49152,4096,512,1,0,806912,1024,837795,512,1048576,4096,1048576,4096,16,0,0,0,1
332,5,1303782085,0,0,271,20480,4096,57344,102442,61440,81920,4096,512,4,5,110592,1024,76369,0,1048576,4096,1048576,4096,16,0,1,21,1
332,7,1306003250,0,0,270,520192,729088,0,2421670,4096,524288,4096,4096,0,0,2732032,4096,0,0,1048576,4096,1048576,4096,16,0,18,20,1
332,6,1301998356,0,0,783,14848,7680,38400,4778,4096,20480,4096,512,1,0,77824,1024,0,0,1048576,4096,1048576,4096,16,0,4,59,1
332,4,1126204617,0,0,262,105472,73216,0,25346,4096,110592,4096,512,0,0,438272,1024,0,0,1048576,4096,1048576,4096,16,0,7,82,1
332,4,1198851095,1919896667,1564823652,271,28672,2560,0,36906,4096,32768,4096,512,0,0,73728,512,66121,0,1048576,4096,1048576,4096,16,0,1,17,1
332,3,1306189735,0,0,41358,245760,4096,385024,634074,389120,634880,4096,512,0,0,638976,4096,0,0,0,0,1048576,4096,16,2,9,13,1
332,4,1305768300,0,0,8462,89600,6656,0,51949,4096,94208,4096,512,0,0,110592,1024,0,0,1048576,4096,1048576,4096,16,0,15,283,1
332,4,885146223,0,0,33167,627712,85504,0,806974,4096,634880,4096,512,0,0,5857280,1024,5454258,0,1048576,16384,1048576,4096,16,0,2,3,1
332,7,708992537,1919896667,1564823652,33167,569344,137216,0,921145,4096,0,4096,512,0,0,1024000,1024,393496,0,1048576,16384,1048576,4096,16,0,24,29,1
332,16,0,0,0,783,117760,195584,0,335915,192512,45056,4096,512,1,0,356352,1536,202827,0,1048576,4096,1048576,4096,16,0,4,6,1
332,4,708992537,0,0,33166,0,10432,0,685907,684032,0,4096,512,0,0,715652,1024,0,0,1048576,16384,1048576,4096,16,0,2,13,1
332,4,1308116840,0,0,271,16384,139264,0,6167,4096,20480,4096,4096,0,0,159744,4096,0,0,1048576,4096,1048576,4096,16,0,1,50,1
332,4,1132851055,0,0,262,114688,75776,0,25410,4096,118784,4096,512,0,0,442368,1024,0,0,1048576,4096,1048576,4096,16,0,4,35,1
332,4,1126204617,0,0,262,105472,73216,0,25346,4096,110592,4096,512,0,0,438272,1024,0,0,1048576,4096,1048576,4096,16,0,7,82,1
332,3,1299173501,0,0,271,12288,8192,0,4636,4096,16384,4096,4096,1,0,24576,4096,28953,0,1048576,4096,1048576,4096,16,0,1,16,1
332,6,708992537,1919896667,1564823652,33166,569344,530432,0,921145,4096,0,4096,512,0,0,1413120,1024,790680,0,1048576,16384,1048576,4096,16,0,24,29,1
332,5,1304820098,0,0,258,31232,963584,0,8420,4096,36864,4096,512,0,0,1015808,1024,57028,33088,1048576,4096,1048576,4096,16,0,1,74,1
332,3,1308006124,0,0,271,102400,12288,0,7550,4096,106496,4096,4096,1,0,118784,4096,149465,0,1048576,4096,1048576,4096,16,0,1,158,1
332,5,1308494180,0,0,271,12288,8192,0,36906,4096,16384,4096,512,1,0,45056,4096,72874,0,1048576,4096,1048576,4096,16,0,1,21,1
332,12,1301429567,0,0,271,36864,16384,0,3833938,4096,40960,4096,512,2,0,3842048,1024,58542,0,1048576,4096,1048576,4096,16,0,9,14,1
332,4,1295163773,0,0,271,12288,368640,0,11754,4096,16384,4096,4096,0,0,385024,4096,0,0,1048576,4096,1048576,4096,16,0,5,187,1
332,11,1208111565,0,0,271,39424,54784,0,122923,4096,45056,4096,512,5,1,159744,1024,148097,33792,262144,4096,1048576,4096,16,1,6,8,1
332,4,0,0,0,271,172032,131072,0,4374,4096,53248,4096,4096,1,0,487424,4096,0,0,1048576,4096,1048576,4096,16,0,1,23,1
332,4,1377857448,13018,840695160,271,131072,550400,516096,16872,4096,135168,4096,512,9,33,659456,1024,0,0,1658880,8192,1204224,8192,973530099,0,2,13,1
332,3,1091599297,0,0,271,39424,757248,0,25734,4096,45056,4096,512,5,1,811008,1024,805612,33792,262144,4096,1048576,4096,16,0,6,134,1
332,5,1308266035,0,0,271,24576,368640,0,1118250,4096,28672,4096,512,8,8,1126400,4096,1164630,0,1048576,4096,1048576,4096,16,0,1,21,1
332,6,1299160825,0,0,271,79360,212480,0,151594,151552,8192,4096,512,0,0,229376,1024,0,0,1048576,4096,1048576,4096,16,0,5,48,1
332,4,1307554494,0,0,271,70144,167424,0,69683,4096,77824,4096,512,0,0,253952,1024,0,0,1048576,4096,1048576,4096,16,0,10,30,1
332,3,1307288989,0,0,41358,245760,4096,385024,631834,389120,634880,4096,512,0,0,638976,4096,0,0,0,0,1048576,4096,16,2,9,13,1
332,4,1127227764,0,0,262,100352,70656,0,26994,4096,106496,4096,512,0,0,278528,1024,0,0,1048576,4096,1048576,4096,16,0,4,47,1
332,8,708992537,0,0,33166,10752,169984,0,4138,4096,16384,4096,512,0,0,339968,1024,0,0,1048576,16384,1048576,4096,16,0,146,148,1
332,3,1308312421,0,0,8462,1171456,8192,999424,2168362,1003520,2174976,4096,512,0,0,2183168,4096,0,0,1048576,4096,1048576,4096,16,2,14,18,1
332,3,1257443462,0,0,271,8192,4096,20480,5306,24576,32768,4096,512,10,0,110592,4096,0,0,1048576,4096,1048576,4096,16,2,1,18,1
332,2,1277578737,0,0,271,81920,8192,0,11046,4096,86016,4096,512,1,0,106496,1024,0,0,1048576,4096,1048576,4096,16,0,1,130,1
332,6,708992537,0,0,33167,45568,900608,0,2625578,4096,53248,4096,512,0,0,2629632,1024,1509385,0,1048576,16384,1048576,4096,16,0,2,2,1
332,2,1198851095,0,0,271,0,0,0,31923,4096,12,4096,512,0,0,36864,512,93314,0,1048576,4096,1048576,4096,16,0,2,9,1
332,6,0,0,0,258,16384,12288,0,16867,4096,20480,4096,512,0,0,73728,1024,0,32768,1048576,4096,1048576,4096,16,0,1,19,1
332,8,708992537,0,0,33166,322560,68096,0,326558,4096,327680,4096,512,0,0,425984,1024,0,0,1048576,16384,1048576,4096,16,0,14,374,1
332,4,1162057324,0,0,8450,57344,16384,0,5137,4096,61440,4096,512,50968,13440,77824,1024,0,0,1048576,24576,65536,8192,16,0,14,139,1
332,6,4023211158,0,0,33167,626688,147456,0,3436586,4096,630784,4096,512,0,0,5894144,1024,2795425,0,1048576,16384,1048576,4096,16,0,1,1,1
332,4,1308058763,0,0,271,1536,138752,0,5242,4096,8192,4096,512,0,0,155648,1024,0,0,1048576,4096,1048576,4096,16,0,5,48,1
332,6,1295604804,0,0,271,53248,8192,0,86058,4096,57344,4096,512,1,0,94208,4096,121322,0,1048576,4096,1048576,4096,16,0,1,21,1
332,2,1206435129,0,0,271,512,0,0,4227,4096,8192,4096,512,0,0,72189,512,0,0,1048576,4096,1048576,4096,16,0,0,0,1
332,4,1290171639,0,0,259,72192,22016,0,74633,4096,77824,4096,512,0,0,114688,1024,117766,0,1048576,4096,1048576,4096,16,0,8,188,1
332,8,708992537,0,0,33166,44032,0,60928,45198,4096,49152,4096,512,0,0,1130496,1024,0,0,1048576,16384,1048576,4096,16,0,9,110,1
332,8,1308216812,0,0,8462,1527808,225280,0,1015009,4096,495616,4096,4096,0,0,1536000,4096,0,0,1048576,4096,1048576,4096,16,0,14,419,1
332,4,1103747619,0,0,271,5216,208,0,1672300,1671168,20480,4096,512,0,0,1679668,4096,0,0,1048576,4096,1048576,4096,16,0,3,12,1
332,3,1091599297,0,0,271,39424,87552,0,25734,4096,45056,4096,512,5,1,143360,1024,189472,33792,262144,4096,1048576,4096,16,0,6,134,1
332,16,0,0,0,783,117760,195584,0,335915,192512,45056,4096,512,1,0,356352,1536,202827,0,1048576,4096,1048576,4096,16,0,4,6,1
332,4,1299140906,0,0,271,638976,1978368,0,493685,4096,643072,4096,4096,0,0,2883584,4096,0,0,1048576,4096,1048576,4096,16,0,15,495,1
332,4,1307585469,0,0,8462,24576,36864,0,6714,4096,28672,4096,4096,0,0,65536,4096,0,0,1048576,4096,1048576,4096,16,0,10,134,1
332,4,1306322265,0,0,271,417792,1167360,0,295883,4096,421888,4096,4096,0,0,1654784,4096,0,0,1048576,4096,1048576,4096,16,0,12,412,1
332,4,1305033394,0,0,271,3584,8704,0,4138,4096,8192,4096,512,0,0,1855488,4096,0,0,1048576,4096,1048576,4096,16,0,4,52,1
332,7,1308266035,0,0,271,24576,368640,0,1126442,4096,28672,4096,512,8,8,1486848,4096,1164630,0,1048576,4096,1048576,4096,16,0,1,3,1
332,4,1158158470,0,0,259,2424832,1708032,0,2324033,4096,2408448,4096,4096,0,0,4804608,4096,4133991,0,1048576,4096,1048576,4096,16,0,17,273,1
332,8,708992537,0,0,33167,627200,66048,0,630622,4096,634880,4096,512,0,0,778240,1024,0,0,1048576,16384,1048576,4096,16,0,22,527,1
332,4,1130205598,0,0,262,96768,67584,0,27394,4096,102400,4096,512,0,0,278528,1024,0,0,1048576,4096,1048576,4096,16,0,7,47,1
332,4,1198851095,0,0,271,28672,23552,0,36906,4096,12,4096,512,0,0,94208,512,99118,0,1048576,4096,1048576,4096,16,0,1,17,1
332,6,1198851095,0,0,271,28672,2560,0,73771,4096,12,4096,512,0,0,86016,1024,66121,0,1048576,4096,1048576,4096,16,1,1,3,1
332,3,1340462401,0,0,271,4096,4096,0,90154,90112,94208,4096,512,0,0,134726,512,90993,0,1048576,16384,1048576,4096,16,0,1,3,1
332,3,1251564676,0,0,271,40960,28672,77824,7206,81920,122880,4096,512,1,0,151552,4096,0,0,1048576,4096,1048576,4096,16,2,1,159,1
332,4,1305033394,0,0,271,3584,8704,0,4138,4096,8192,4096,512,0,0,1855488,4096,0,0,1048576,4096,1048576,4096,16,0,4,52,1
332,3,1274777585,0,0,271,512000,12288,425984,370106,430080,942080,4096,512,0,0,954368,4096,0,0,1048576,4096,1048576,4096,16,0,13,456,1
332,5,1299160825,0,0,271,1536,145408,0,5194,4096,8192,4096,512,0,0,163840,1024,0,0,1048576,4096,1048576,4096,16,0,5,48,1
332,4,957101232,0,0,259,151552,12288,0,136184,4096,155648,4096,512,27514,1552,167936,1024,0,32768,2097152,28672,262144,8192,16,0,11,139,1
332,6,1307822577,0,0,271,4096,34816,0,98347,53248,57344,4096,512,0,0,110592,1536,84465,0,1048576,16384,1048576,4096,16,1,1,3,1
332,5,1299051624,0,0,259,72192,180224,0,46303,4096,77824,4096,512,0,0,327680,1024,0,34048,1048576,4096,1048576,4096,16,0,10,166,1
332,4,1306728082,0,0,271,471040,294912,0,341793,4096,475136,4096,4096,0,0,987136,4096,0,0,1048576,4096,1048576,4096,16,0,14,432,1
332,2,1185282166,0,0,271,26624,12288,0,30227,4096,32768,4096,512,0,0,45056,1024,83064,0,1048576,4096,1048576,4096,16,0,2,8,1
332,4,1198851095,0,0,4895,146432,4096,0,45106,36864,12,4096,512,0,0,159744,512,212961,44032,1048576,4096,1048576,4096,16,0,0,0,1
332,4,1082442114,0,0,8450,61440,16384,0,5137,4096,65536,4096,512,27065,56016,81920,1024,0,0,8388608,28672,524288,32768,16,0,12,124,1
332,4,1377857448,13018,840695160,271,131072,647168,516096,16872,4096,135168,4096,512,9,33,757760,1024,0,0,1658880,8192,1204224,8192,973530099,0,2,13,1
332,4,1299160825,0,0,271,1536,134656,0,5194,4096,8192,4096,512,0,0,151552,1024,0,0,1048576,4096,1048576,4096,16,0,5,48,1
332,6,1288056125,0,0,782,24576,16384,40960,4778,4096,28672,4096,4096,1,0,86016,1024,67754,0,1048576,4096,1048576,4096,16,0,4,129,1
332,6,958731115,0,0,271,20480,40960,0,14427,4096,24576,4096,4096,1,0,65566,4096,0,0,1048576,4096,1048576,4096,16,0,2,44,1
332,5,1198851095,1919896667,1564823652,271,35840,2560,0,73786,4096,32768,4096,512,0,0,81920,512,237477,0,1048576,4096,1048576,4096,16,0,1,17,1
332,3,1049333388,0,0,8450,57344,12288,0,5137,4096,61440,4096,512,8824,26880,73728,1024,0,0,1048576,4096,262144,32768,16,0,12,132,1
332,3,1307570092,0,0,8462,77824,4096,397312,478154,401408,479232,4096,512,51,2600,483328,4096,0,0,1048576,4096,1048576,4096,16,2,2,6,1
332,3,1293217364,0,0,271,0,778240,2281472,2389975,4096,2285568,4096,512,0,0,3072000,4096,785269,0,1048576,4096,1048576,4096,16,0,12,17,1
332,6,1304520166,0,0,270,54272,39936,0,47770,4096,61440,4096,512,0,0,106496,1024,0,0,1048576,4096,1048576,4096,16,0,0,0,1
332,4,1133002820,0,0,262,100864,69632,0,27426,4096,106496,4096,512,0,0,278528,1024,0,0,1048576,4096,1048576,4096,16,0,4,47,1
332,6,1308758159,0,0,783,13824,7168,35328,4778,4096,20480,4096,512,1,0,73728,1024,0,0,1048576,4096,1048576,4096,16,0,4,50,1
332,4,733577603,12573,1510825934,271,126976,647168,520192,15237,4096,131072,4096,512,3,2,659456,1024,0,0,1929216,8192,1429504,8192,262211205,0,2,16,1
332,12,1297047041,0,0,271,1633718467,3428935824,0,3850322,4194304,4194304,4096,512,2,8,3858432,1024,99616,0,1048576,4096,1048576,4096,978005016,0,9,14,1
332,9,1285001922,0,0,33166,650240,81920,0,645430,4096,655360,4096,512,0,0,790528,1024,0,0,1048576,16384,1048576,4096,16,0,42,586,1
332,5,1198851095,0,0,783,154112,77824,0,81970,73728,32768,4096,512,0,0,192512,1024,143228,0,1048576,4096,1048576,4096,16,0,4,4,1
332,3,1300910545,0,0,259,40960,577024,0,20699,4096,45056,4096,512,0,0,622592,1024,652567,0,1048576,4096,1048576,4096,16,0,6,68,1
332,8,708992537,0,0,33167,627200,104448,0,630622,4096,634880,4096,512,0,0,778240,1024,0,0,1048576,16384,1048576,4096,16,0,22,527,1
332,4,1024483277,0,0,271,191488,115712,0,124730,4096,4096,4096,512,0,0,393216,1024,0,0,1048576,4096,1048576,4096,16,0,10,393,1
332,4,1126204617,0,0,262,111104,79360,0,25346,4096,118784,4096,512,0,0,319488,1024,0,0,1048576,4096,1048576,4096,16,0,7,82,1
332,4,1306251491,0,0,271,499712,217088,0,376183,4096,503808,4096,4096,0,0,786432,4096,0,0,1048576,4096,1048576,4096,16,0,12,411,1
332,3,1306015593,0,0,271,0,1277952,3448832,3497168,4096,3452928,4096,512,0,0,4735144,4096,1309844,0,1048576,4096,1048576,4096,16,0,1,6,1
332,4,1127273867,0,0,262,96256,72192,100002,27026,4096,102400,4096,512,0,0,278528,1024,237300,0,1048576,4096,1048576,4096,16,0,3,42,1
332,4,1299837941,0,0,271,405504,180224,0,284785,4096,409600,4096,4096,0,0,679936,4096,0,0,1048576,4096,1048576,4096,16,0,12,417,1
332,3,1198851095,0,0,783,144384,74752,0,45106,36864,32768,4096,512,0,0,155648,1024,103688,0,1048576,4096,1048576,4096,16,0,4,4,1
332,5,1299160825,0,0,271,1536,145408,0,5194,4096,8192,4096,512,0,0,163840,1024,0,0,1048576,4096,1048576,4096,16,0,5,48,1
332,5,1306515278,0,0,271,0,0,0,3116905,0,0,4096,4096,0,0,3178496,4096,2504127,0,1048576,4096,1048576,4096,16,0,16,16,1
332,5,1307209824,0,0,258,25600,36352,0,5022,4096,32768,4096,512,0,0,77824,1024,70259,33088,1048576,4096,1048576,4096,16,0,1,61,1
332,3,1307424527,0,0,271,69632,12288,0,4674,4096,73728,4096,4096,1,0,86016,4096,109042,0,1048576,4096,1048576,4096,16,0,1,52,1
332,4,1305033394,0,0,271,3584,8704,0,4138,4096,8192,4096,512,0,0,1855488,4096,0,0,1048576,4096,1048576,4096,16,0,4,52,1
332,4,1305033394,0,0,271,4096,8704,0,4138,4096,8192,4096,512,0,0,1851392,4096,0,0,1048576,4096,1048576,4096,16,0,4,52,1
332,3,11,0,0,770,16384,12288,0,131227,4096,20480,4096,512,0,0,139264,512,0,32768,1048576,4096,1048576,4096,16,2,1,2,1
332,3,1307526998,0,0,271,20480,8192,0,6499,4096,24576,4096,4096,1,0,32768,4096,46085,0,1048576,4096,1048576,4096,16,0,1,89,1
332,3,1136779820,0,0,258,1003520,4096,872448,1876442,876544,1880064,4096,512,0,0,1884160,4096,0,33088,1048576,4096,1048576,4096,16,2,6,11,1
332,5,1276780095,0,0,8462,524288,1073152,0,524314,4096,528384,4096,4096,0,0,1765376,4096,0,0,1048576,4096,1048576,4096,16,0,12,421,1
332,4,858321811,0,0,271,18432,70656,0,19050,4096,24576,4096,512,0,0,131072,1024,93512,0,1048576,4096,1048576,4096,16,0,1,28,1
332,4,1082442114,0,0,8450,61440,16384,0,5137,4096,65536,4096,512,27065,56016,81920,1024,0,0,8388608,28672,524288,32768,16,0,12,124,1
332,2,1169072342,0,0,271,26624,1024,0,42,0,0,0,0,0,0,0,0,0,0,0,0,0,0,0,0,0,0,1
332,3,708992537,0,0,33167,65536,8192,40960,12666,45056,110592,4096,512,0,0,118784,4096,0,0,1048576,16384,1048576,4096,16,2,5,35,1
332,5,1299160825,0,0,271,1536,134656,0,5194,4096,8192,4096,512,0,0,155648,1024,0,0,1048576,4096,1048576,4096,16,0,5,48,1
332,4,1299160825,0,0,271,1536,133632,0,5194,4096,8192,4096,512,0,0,151552,1024,0,0,1048576,4096,1048576,4096,16,0,5,48,1
332,2,1198851095,0,0,271,28672,2560,0,31923,4096,32768,4096,512,0,0,36864,1024,66121,0,1048576,4096,1048576,4096,16,0,2,9,1
332,4,1308506706,0,0,271,544768,1314816,0,403567,4096,548864,4096,4096,0,0,2002944,4096,0,0,1048576,4096,1048576,4096,16,0,15,486,1
332,3,1307364359,0,0,271,0,1710302,3616768,3621908,4096,3620864,4096,512,0,0,5361664,4096,1790911,0,1048576,4096,1048576,4096,16,0,13,18,1
332,7,708992537,0,0,41358,70656,17408,0,117424,4096,77824,4096,512,0,0,491520,1024,0,1,0,0,1048576,4096,16,0,12,13,1
332,4,1305033394,0,0,271,641536,8704,0,4206,4096,8192,4096,512,0,0,3678208,4096,0,0,1048576,4096,1048576,4096,16,0,4,48,1
332,3,708992537,0,0,33167,208896,4096,331776,443850,335872,544768,4096,512,0,0,548864,4096,0,0,1048576,16384,1048576,4096,16,2,21,440,1
332,8,1179739674,0,0,8974,368640,24576,0,450603,4096,372736,4096,512,0,0,462848,1536,0,0,1048576,4096,1048576,4096,16,1,3,5,1
332,4,387217787,12528,1099323142,271,126976,671744,544768,16279,4096,131072,4096,512,8,24,684032,1024,0,0,1196032,8192,2072576,8192,500915392,0,4,59,1
332,4,1282028149,0,0,271,487424,454656,0,352362,4096,491520,4096,4096,0,0,1011712,4096,0,0,1048576,4096,1048576,4096,16,0,13,450,1
332,6,1295604804,0,0,271,53248,8192,0,86058,4096,57344,4096,512,1,0,94208,4096,121322,0,1048576,4096,1048576,4096,16,0,1,21,1
332,4,0,0,0,33166,0,1536,0,683046,0,0,4096,512,0,0,745472,1024,0,0,1048576,16384,1048576,4096,16,0,1,2,1
332,4,1210626004,0,0,259,94208,41984,0,46208,4096,98304,4096,512,5,5,155648,1024,127167,0,1048576,4096,1048576,4096,16,0,7,153,1
332,5,1305995267,0,0,271,0,0,0,3230979,0,0,4096,4096,0,0,3297280,4096,2443788,0,1048576,4096,1048576,4096,16,0,16,16,1
332,3,1333068983,0,0,271,1097728,8192,0,4362,4096,1101824,4096,4096,1,0,1110016,4096,1164160,0,1048576,4096,1048576,4096,16,0,1,21,1
332,4,1304579425,0,0,271,36352,1160704,0,1208382,4096,40960,4096,512,0,0,2707456,1024,1945731,32832,1048576,4096,1048576,4096,16,0,2,3,1
332,4,1306507415,0,0,271,446464,2641920,0,323787,4096,450560,4096,4096,0,0,3158016,4096,0,0,1048576,4096,1048576,4096,16,0,12,417,1
332,5,1365526701,735668165,160275,33167,159744,778240,618496,4138,4096,731021312,4096,512,7,68,731656192,1024,0,0,1323008,28672,1929216,8192,500412981,0,4,196,1
332,4,1306531810,0,0,271,483328,1343488,0,359991,4096,487424,4096,4096,0,0,2007040,4096,0,0,1048576,4096,1048576,4096,16,0,12,431,1
332,8,1292092773,0,0,33167,649728,80896,0,1392683,4096,655360,4096,512,0,0,1400832,1536,1409598,0,1048576,16384,1048576,4096,16,1,1,3,1
332,4,1306330554,0,0,271,528384,1044480,0,393451,4096,532480,4096,4096,0,0,1757184,4096,0,0,1048576,4096,1048576,4096,16,0,14,453,1
332,4,1307795933,0,0,271,561152,1056768,0,564218,4096,565248,4096,4096,0,0,1822720,4096,0,0,1048576,4096,1048576,4096,16,0,15,462,1
332,4,1299160825,0,0,271,1536,134656,0,5194,4096,8192,4096,512,0,0,151552,1024,0,0,1048576,4096,1048576,4096,16,0,5,48,1
332,6,1295604804,0,0,271,53248,8192,0,86058,4096,57344,4096,512,1,0,94208,4096,121322,0,1048576,4096,1048576,4096,16,0,1,21,1
332,4,1304929650,0,0,271,843776,1073152,0,600927,4096,847872,4096,4096,0,0,2256896,4096,0,0,1048576,4096,1048576,4096,16,0,16,527,1
332,4,1306293965,0,0,271,1421312,12288,2011136,3448970,2015232,3436544,4096,512,0,0,3457025,4096,0,0,1048576,4096,1048576,4096,16,0,1,2,1
332,10,708992537,0,0,33166,80384,15872,0,122922,4096,86016,4096,512,0,0,123392,1024,0,0,1048576,16384,1048576,4096,16,0,18,236,1
332,4,1305033394,0,0,271,3072,8704,0,4138,4096,8192,4096,512,0,0,1855488,4096,0,0,1048576,4096,1048576,4096,16,0,4,50,1
332,3,1297542026,0,0,271,98304,8192,0,6170,4096,102400,4096,4096,1,0,110592,4096,122864,0,1048576,4096,1048576,4096,16,0,0,0,1
332,4,1041352828,0,0,271,303104,241664,0,303758,4096,307200,4096,4096,0,0,618496,4096,0,0,1048576,4096,1048576,4096,16,0,17,430,1
332,4,1307785585,0,0,271,4096,31232,0,41002,40960,45056,4096,512,0,0,81920,512,62750,0,1048576,16384,1048576,4096,16,0,1,3,1
332,4,1304657258,0,0,271,487424,1056768,0,361136,4096,491520,4096,4096,0,0,1662976,4096,0,0,1048576,4096,1048576,4096,16,0,12,412,1
332,5,1302273166,0,0,8462,120320,35706368,0,122345,4096,126976,4096,512,0,0,35844096,1024,0,0,1048576,4096,1048576,4096,16,0,6,93,1
332,4,1058695694,0,0,783,524288,45056,1376256,5782,1380352,1904640,4096,512,0,0,2154496,4096,0,0,1048576,8192,1048576,4096,16,2,12,485,1
332,3,1304483383,0,0,271,53248,12288,0,6130,4096,57344,4096,4096,1,0,69632,4096,74313,0,1048576,4096,1048576,4096,16,0,1,116,1
332,4,1294980852,0,0,271,2560,8192,0,4138,4096,8192,4096,512,0,0,24576,1024,0,0,1048576,4096,1048576,4096,16,0,3,32,1
332,3,1198851095,0,0,783,144384,74752,0,45106,36864,32768,4096,512,0,0,155648,1024,114067,0,1048576,4096,1048576,4096,16,0,4,4,1
332,6,8,0,0,258,16384,12288,0,16867,4096,20480,4096,512,0,0,73728,1024,0,32768,1048576,4096,1048576,4096,16,0,1,19,1
332,3,1307431836,0,0,271,36864,8192,0,6034,4096,40960,4096,4096,1,1,49152,4096,57703,0,1048576,4096,1048576,4096,16,0,3,129,1
332,9,1305770443,0,0,33166,913920,153600,0,921294,4096,921600,4096,512,0,0,1118208,1024,0,0,1048576,16384,1048576,4096,16,0,23,499,1
332,6,1288056125,0,0,782,24576,16384,40960,4778,4096,28672,4096,4096,1,0,86016,1024,74913,0,1048576,4096,1048576,4096,16,0,4,129,1
332,4,1307702377,0,0,271,700416,2129920,0,557910,4096,704512,4096,4096,0,0,3096576,4096,0,0,1048576,4096,1048576,4096,16,0,14,457,1
332,7,1308542152,0,0,783,13824,9728,2089472,4778,4096,20480,4096,512,1,0,2134016,1024,0,0,1048576,8192,1048576,4096,16,0,4,45,1
332,4,1126204617,0,0,262,105472,73216,0,25346,4096,110592,4096,512,0,0,438272,1024,0,0,1048576,4096,1048576,4096,16,0,6,114,1
332,12,708992537,0,0,33166,466432,83968,0,4138,4096,471040,4096,512,0,0,831488,1024,0,0,1048576,16384,1048576,4096,16,0,16,18,1
332,2,929138721,0,0,271,2048,372736,0,5166,4096,8192,4096,512,0,0,380928,1024,0,0,1048576,4096,1048576,4096,16,0,3,26,1
332,4,1126204617,0,0,262,107520,75776,0,25346,4096,114688,4096,512,0,0,450560,1024,0,0,1048576,4096,1048576,4096,16,0,7,82,1
332,2,1198851095,0,0,271,28672,138240,0,31923,4096,12,4096,512,0,0,170336,512,197140,0,1048576,4096,1048576,4096,16,0,2,9,1
332,5,0,0,0,271,28672,8192,0,6070,4096,12,4096,4096,1,0,69632,512,0,0,1048576,4096,1048576,4096,16,0,1,90,1
332,5,1274602439,0,0,783,675840,372736,0,419244,1003520,561152,4096,4096,0,0,1122304,4096,951059,0,1048576,4096,1048576,4096,16,0,15,474,1
332,5,1209823718,0,0,271,22528,119808,1024,12510,4096,28672,4096,512,0,0,430080,1024,0,0,1048576,4096,1048576,4096,16,0,8,155,1
332,3,1304483383,0,0,271,53248,12288,0,6130,4096,57344,4096,4096,1,0,69632,4096,74313,0,1048576,4096,1048576,4096,16,0,1,116,1
332,4,1127712667,0,0,262,114176,74240,0,26866,4096,118784,4096,512,0,0,573440,1024,0,0,1048576,4096,1048576,4096,16,0,4,35,1
332,4,1130913197,0,0,259,109056,74240,0,27042,4096,114688,4096,512,0,0,573440,1024,0,0,1048576,4096,1048576,4096,16,0,4,36,1
332,4,1288625082,0,0,271,487424,294912,0,353147,4096,491520,4096,4096,0,0,913408,4096,0,0,1048576,4096,1048576,4096,16,0,14,441,1
332,8,1233151969,0,0,271,3072,57344,0,106539,4096,8192,4096,512,0,0,139264,1024,0,0,1048576,4096,1048576,4096,16,1,3,5,1
332,4,1305725869,0,0,8462,110080,7680,0,69754,4096,114688,4096,512,0,0,131072,1024,0,0,1048576,4096,1048576,4096,16,0,15,313,1
332,8,708992537,0,0,33166,381440,73216,0,74414,4096,389120,4096,512,0,0,487424,1024,0,0,1048576,16384,1048576,4096,16,0,14,430,1
332,6,1301998356,0,0,783,14848,6144,38400,4778,4096,20480,4096,512,1,0,77824,1024,0,0,1048576,4096,1048576,4096,16,0,4,59,1
332,9,1303763155,0,0,33166,590848,183296,0,845866,4096,598016,4096,512,0,0,942080,1024,930495,0,1048576,16384,1048576,4096,16,0,12,17,1
332,3,1273053247,0,0,259,0,659456,4808704,4821608,4096,4812800,4096,512,0,0,5476352,4096,710514,0,1048576,4096,1048576,4096,16,0,13,18,1
332,12,1297047041,0,0,271,1633718467,3428935824,0,3850322,4194304,4194304,4096,512,2,8,3858432,1024,99616,0,1048576,4096,1048576,4096,978005016,0,9,14,1
332,4,1277962796,0,0,774,32768,20480,86016,41002,4096,36864,4096,4096,1,0,80384,4096,106262,0,1048576,16384,1048576,4096,16,0,1,3,1
332,4,1300631257,0,0,271,331776,311296,0,184758,4096,335872,4096,4096,0,0,851968,4096,680263,0,1048576,4096,1048576,4096,16,0,14,435,1
332,4,1299160825,0,0,271,1536,130048,0,5195,4096,8192,4096,512,0,0,147456,1024,0,0,1048576,4096,1048576,4096,16,0,5,48,1
332,4,1224754952,0,0,259,159744,126976,0,79233,4096,163840,4096,4096,0,0,307200,4096,302054,0,1048576,4096,1048576,4096,16,0,10,283,1
332,5,1198851095,1919896667,1564823652,271,35840,2560,0,73866,4096,32768,4096,512,0,0,81920,512,196127,0,1048576,4096,1048576,4096,16,0,1,17,1
332,13,801977510,0,0,33167,1101824,614400,0,5053,4096,53248,4096,512,1,34,4878336,1024,0,0,1048576,16384,4096,4096,481108999,0,2,2,1
332,4,1131450514,0,0,262,107520,71680,0,24962,4096,114688,4096,512,0,0,438272,1024,0,0,1048576,4096,1048576,4096,16,0,4,47,1
332,4,1247528563,0,0,258,44032,429056,0,27426,4096,49152,4096,512,6,1,491520,1024,528905,33088,262144,8192,1048576,4096,16,0,7,153,1
332,5,2041390381,13222,1652353896,271,126976,696320,528384,16197,4096,131072,4096,512,8,2,688128,1024,0,0,2097152,8192,1638400,8192,1913628658,0,9,28,1
332,3,1307796507,0,0,271,184320,16384,0,8562,4096,188416,4096,4096,1,0,204800,4096,222312,0,1048576,4096,1048576,4096,16,0,1,116,1
332,4,964408796,0,0,8450,57344,12288,0,5137,4096,61440,4096,512,20456,1408,73728,1024,0,0,1048576,4096,262144,32768,16,0,11,132,1
332,5,1302709043,0,0,271,491520,491520,0,319530,4096,143360,4096,4096,0,0,494516,4096,0,0,1048576,4096,1048576,4096,16,0,2,5,1
332,7,1198851095,64,0,271,1536,74752,0,77739,4096,12,4096,512,0,0,86016,1024,138452,0,1048576,4096,1048576,4096,16,0,0,0,1
332,3,1307526998,0,0,271,20480,8192,0,6637,4096,24576,4096,4096,1,0,32768,4096,46085,0,1048576,4096,1048576,4096,16,0,1,89,1
332,3,1140343770,0,0,271,8192,8192,0,4834,4096,12288,4096,4096,2,0,20480,4096,53650,0,1048576,4096,1048576,4096,16,0,1,65,1
332,4,1305948167,0,0,271,831488,2060288,0,834326,4096,835584,4096,4096,0,0,3112960,4096,0,0,1048576,4096,1048576,4096,16,0,17,521,1
332,3,1285001922,0,0,33167,274432,4096,524288,798858,528384,802816,4096,512,0,0,806912,4096,0,0,1048576,16384,1048576,4096,16,2,23,28,1
332,6,1305081319,0,0,783,16384,8192,36352,4778,4096,20480,4096,512,1,0,73728,1024,0,0,1048576,4096,1048576,4096,16,0,4,76,1
332,6,1200256279,0,0,271,9728,13824,0,1736746,4096,16384,4096,512,0,0,1740800,1024,1299665,0,1048576,4096,1048576,4096,16,0,2,2,1
332,8,708992537,0,0,33166,628736,115712,0,632302,4096,634880,4096,512,0,0,34328576,1024,778033,0,1048576,16384,1048576,4096,16,0,17,447,1
332,4,1305033394,0,0,271,3584,8704,0,4138,4096,8192,4096,512,0,0,1855488,4096,0,0,1048576,4096,1048576,4096,16,0,4,52,1
332,2,1294768850,0,0,271,77824,8192,0,93326,4096,81920,4096,512,1,0,94208,512,84615,0,1048576,4096,1048576,4096,16,0,1,4,1
332,5,1282112211,0,0,271,4096,4096,0,41002,40960,45056,4096,512,0,0,86016,1024,89738,0,1048576,16384,1048576,4096,16,1,1,3,1
332,4,1198851095,0,0,271,28672,2560,0,36906,4096,32768,4096,512,0,0,73728,1024,66121,0,1048576,4096,1048576,4096,16,0,1,17,1
332,4,1305033394,0,0,271,3072,37888,0,4138,4096,8192,4096,512,0,0,888832,4096,0,0,1048576,4096,1048576,4096,16,0,4,50,1
332,4,1305033394,0,0,271,3072,18944,0,4138,4096,8192,4096,512,0,0,843776,4096,0,0,1048576,4096,1048576,4096,16,0,4,50,1
332,5,1307440573,0,0,258,25600,36352,0,4768,4096,32768,4096,512,0,0,77824,1024,115036,33088,1048576,4096,1048576,4096,16,0,2,61,1
332,4,1190291686,0,0,271,81920,113152,0,4138,4096,86016,4096,512,0,0,225280,1024,0,0,1048576,8192,1048576,4096,16,0,8,147,1
332,3,1198676533,0,0,258,1003520,8192,880640,1885130,884736,1888256,4096,512,0,0,1896448,4096,0,33088,1048576,4096,1048576,4096,16,2,5,10,1
332,4,1377857448,13018,840695160,271,131072,647168,516096,16872,4096,135168,4096,512,9,33,757760,1024,0,0,1658880,8192,1204224,8192,973530099,0,2,13,1
332,16,0,0,0,783,117760,195584,0,335915,192512,45056,4096,512,1,0,356352,1536,202827,0,1048576,4096,1048576,4096,16,0,4,6,1
332,5,1048576098,0,0,271,36864,472064,0,1065002,4096,40960,4096,512,5,2,1069056,1024,512939,33792,262144,8192,1048576,4096,16,0,1,5,1
332,5,1251117049,0,0,271,18944,99328,0,22164,4096,24576,4096,512,0,0,7806976,1024,0,0,1048576,4096,1048576,4096,16,0,6,83,1
332,2,708992537,0,0,33167,0,0,0,626763,0,0,4096,512,0,0,1126400,512,0,0,1048576,4096,1048576,4096,16,0,24,514,1
332,4,1306511834,0,0,271,1478656,12288,2068480,3563658,2072576,3551232,4096,512,0,0,3571713,4096,0,0,1048576,4096,1048576,4096,16,0,1,2,1
332,5,1307563040,0,0,258,25600,36352,0,4768,4096,32768,4096,512,0,0,77824,1024,63517,33088,1048576,4096,1048576,4096,16,0,2,61,1
332,4,1111055510,0,0,271,53248,45056,0,29867,4096,57344,4096,4096,0,0,102400,4096,0,0,1048576,4096,1048576,4096,16,0,3,83,1
332,6,1308023751,0,0,783,13824,6144,38912,4778,4096,20480,4096,512,1,0,77824,1024,0,0,1048576,4096,1048576,4096,16,0,4,53,1
332,2,1192207932,0,0,15,61952,3584,0,31351,4096,12,4096,512,0,0,73728,1024,100278,0,1048576,4096,1048576,4096,16,0,1,8,1
332,5,1302570372,0,0,271,110592,12288,0,147498,4096,114688,4096,512,1,0,452608,4096,153316,0,1048576,4096,1048576,4096,16,0,1,21,1
332,4,1305033394,0,0,271,3072,13824,0,4138,4096,8192,4096,512,0,0,839680,4096,0,0,1048576,4096,1048576,4096,16,0,4,50,1
332,4,1307528732,0,0,271,589824,1503232,0,446319,4096,593920,4096,4096,0,0,2097152,4096,0,0,1048576,4096,1048576,4096,16,0,18,499,1
332,5,1302570372,0,0,271,110592,12288,0,147498,4096,114688,4096,512,1,0,155648,4096,153316,0,1048576,4096,1048576,4096,16,0,1,21,1
332,4,1307738855,1919896667,1564823652,271,512,32256,0,41002,40960,45056,4096,512,0,0,81920,512,71011,0,1048576,16384,1048576,4096,16,0,1,3,1
332,3,1173608618,0,0,271,8192,770048,0,4590,4096,12288,4096,4096,1,0,782336,4096,798466,0,1048576,4096,1048576,4096,16,0,1,43,1
332,3,1308170489,0,0,258,45056,106496,0,19793,4096,49152,4096,512,0,0,184320,1024,154784,33088,1048576,4096,1048576,4096,16,0,1,4,1
332,4,1133506980,0,0,262,96256,70144,0,26834,4096,102400,4096,512,0,0,282624,1024,0,0,1048576,4096,1048576,4096,16,0,7,47,1
332,4,1127937951,0,0,259,100864,76800,0,26994,4096,106496,4096,512,0,0,442368,1024,0,0,1048576,4096,1048576,4096,16,0,4,36,1
332,4,1308073810,0,0,271,4096,32768,0,45098,45056,49152,4096,512,0,0,86016,512,33700,0,1048576,16384,1048576,4096,16,0,1,3,1
332,28,708992537,0,0,33166,569344,67584,0,667691,4096,0,4096,512,0,0,790528,1536,0,0,1048576,16384,1048576,4096,16,1,22,24,1
332,5,1303782085,0,0,271,20480,4096,57344,102442,61440,81920,4096,512,4,5,110592,1024,76369,0,1048576,4096,1048576,4096,16,0,1,21,1
332,8,708992537,0,0,33166,35840,36352,0,39526,4096,40960,4096,512,0,0,98304,1024,0,0,1048576,16384,1048576,4096,16,0,6,60,1
332,4,1305033394,0,0,271,3072,29696,0,4138,4096,8192,4096,512,0,0,868352,4096,0,0,1048576,4096,1048576,4096,16,0,4,50,1
332,4,1241387867,0,0,271,5120,37888,0,8411,4096,12288,4096,512,0,0,57344,1536,101288,0,1048576,4096,1048576,4096,16,0,2,23,1
332,3,1308596798,0,0,271,4096,4096,0,41002,40960,45056,4096,512,0,0,74716,512,71267,0,1048576,16384,1048576,4096,16,0,1,3,1
332,4,1224918154,0,0,271,3072,11776,0,6372,4096,8192,4096,512,0,0,28672,1024,0,0,1048576,4096,1048576,4096,16,0,3,33,1
332,1,1164999767,0,0,271,26624,0,0,29899,4096,32768,4096,512,0,0,32768,512,39604,35072,1048576,4096,1048576,4096,16,0,1,7,1
332,4,1111055510,0,0,271,53248,45056,0,29867,4096,57344,4096,4096,0,0,102400,4096,0,0,1048576,4096,1048576,4096,16,0,3,83,1
332,3,1208111565,0,0,271,39424,254464,0,25734,4096,45056,4096,512,5,1,307200,1024,310426,33792,262144,4096,1048576,4096,16,0,6,134,1
332,4,1131362545,0,0,262,97792,68608,0,25074,4096,102400,4096,512,0,0,282624,1024,0,0,1048576,4096,1048576,4096,16,0,7,47,1
332,3,1307150289,0,0,271,450560,253952,0,6234,4096,454656,4096,4096,1,0,712704,4096,766054,0,1048576,4096,1048576,4096,16,0,1,104,1
332,5,1283003497,0,0,271,2170880,2170880,0,604338,4096,606208,4096,4096,0,0,2174976,4096,3487623682,0,1048576,4096,1048576,4096,16,0,0,0,1
332,6,1305081319,0,0,783,16384,292864,327680,4778,4096,20480,4096,512,1,0,651264,1024,0,0,1048576,4096,1048576,4096,16,0,4,76,1
332,4,1190291686,0,0,271,81920,22016,0,4138,4096,86016,4096,512,0,0,135168,1024,0,0,1048576,8192,1048576,4096,16,0,8,147,1
332,8,708992537,0,0,33167,41472,49664,0,4138,4096,49152,4096,512,0,0,536576,1024,0,0,1048576,16384,1048576,4096,16,0,254,256,1
332,6,1283309764,0,0,782,36864,16384,36864,4778,4096,40960,4096,4096,1,0,94208,1024,74662,0,1048576,4096,1048576,4096,16,0,4,132,1
332,4,1271784817,0,0,271,323584,81920,0,4634,4096,327680,4096,512,1,0,598016,1536,162852,0,1048576,4096,1048576,4096,16,0,1,4,1
332,4,988782901,0,0,259,155648,12288,0,134125,4096,159744,4096,512,39277,17136,172032,1024,0,32768,1048576,20480,524288,8192,16,0,6,141,1
332,10,1305459640,0,0,271,24576,28672,102400,1544234,106496,131072,4096,512,2,0,1552384,1024,1485004,0,1048576,4096,1048576,4096,16,2,1,22,1
332,6,1307937357,0,0,783,11776,7168,34304,4778,4096,16384,4096,512,1,0,69632,1024,0,0,1048576,4096,1048576,4096,16,0,4,42,1
332,8,708992537,0,0,33166,328192,59392,0,332242,4096,335872,4096,512,0,0,417792,1024,0,0,1048576,16384,1048576,4096,16,0,15,388,1
332,4,1299160825,0,0,271,1536,134656,0,5194,4096,8192,4096,512,0,0,151552,1024,0,0,1048576,4096,1048576,4096,16,0,5,48,1
332,3,1091599297,0,0,271,39424,495616,0,25734,4096,45056,4096,512,5,1,548864,1024,547112,33792,262144,4096,1048576,4096,16,0,6,134,1
332,4,1291012780,0,0,271,8192,478208,0,10896,4096,12288,4096,512,0,0,495616,1024,0,0,1048576,4096,1048576,4096,16,0,4,70,1
332,6,1301998356,0,0,783,14848,6144,37376,4778,4096,20480,4096,512,1,0,77824,1024,0,0,1048576,4096,1048576,4096,16,0,4,59,1
332,16,0,0,0,783,117760,195584,0,335915,192512,45056,4096,512,1,0,356352,1536,202827,0,1048576,4096,1048576,4096,16,0,4,6,1
332,16,0,0,0,783,117760,195584,0,335915,192512,45056,4096,512,1,0,356352,1536,202827,0,1048576,4096,1048576,4096,16,0,4,6,1
332,10,0,0,0,783,118784,434176,0,1511466,1392640,57344,4096,512,1,0,1523712,4096,442116,0,1048576,4096,1048576,4096,16,0,4,6,1
332,2,1277249424,0,0,271,81920,8192,0,11078,4096,86016,4096,512,1,0,106496,1024,0,0,1048576,4096,1048576,4096,16,0,1,130,1
332,16,0,0,0,783,117760,195584,0,335915,192512,45056,4096,512,1,0,356352,1536,202827,0,1048576,4096,1048576,4096,16,0,4,6,1
332,6,1276835108,0,0,774,24576,40960,65536,4778,4096,28672,4096,4096,1,0,135168,4096,98297,0,1048576,4096,1048576,4096,16,0,3,120,1
332,3,1307590086,0,0,8462,77824,4096,397312,477994,401408,479232,4096,512,51,2600,483328,4096,0,0,1048576,4096,1048576,4096,16,2,2,6,1
332,3,1308316790,0,0,8462,77824,4096,397312,477754,401408,479232,4096,512,1,0,483328,4096,0,0,1048576,4096,1048576,4096,16,2,2,6,1
332,3,1289055689,0,0,8462,1236992,24576,917504,682279,921600,2158592,4096,512,0,0,2228224,4096,0,0,1048576,4096,1048576,4096,16,2,12,418,1
332,4,1131208777,0,0,262,95232,70656,0,25138,4096,102400,4096,512,0,0,282624,1024,0,0,1048576,4096,1048576,4096,16,0,7,47,1
332,4,1126204617,0,0,262,105472,73216,0,25346,4096,110592,4096,512,0,0,438272,1024,0,0,1048576,4096,1048576,4096,16,0,7,82,1
332,5,1302570372,0,0,271,110592,35840,0,147498,4096,114688,4096,512,1,0,155648,4096,153316,0,1048576,4096,1048576,4096,16,0,1,21,1
332,2,1295120085,0,0,271,77824,8192,0,11070,4096,81920,4096,512,1,0,102400,512,0,0,1048576,4096,1048576,4096,16,0,1,131,1
332,16,0,0,0,783,117760,195584,0,335915,192512,45056,4096,512,1,0,356352,1536,202827,0,1048576,4096,1048576,4096,16,0,4,6,1
332,11,0,0,0,271,32768,73728,0,475192,4096,36864,4096,512,1,0,512000,1024,193496,0,1048576,4096,1048576,4096,16,0,5,7,1
332,2,1281631159,0,0,271,90112,8192,0,105614,4096,94208,4096,512,1,0,106496,1024,51419,0,1048576,4096,1048576,4096,16,0,1,4,1
332,3,1260497281,0,0,271,40960,8192,0,43942,4096,45056,4096,4096,1,0,53248,4096,112966,0,1048576,4096,1048576,4096,16,0,1,27,1
332,2,1143587053,0,0,8462,100651,100651,0,41277,4096,45056,4096,512,0,0,110592,1024,0,0,1048576,4096,1048576,4096,16,0,6,93,1
332,6,1288056125,0,0,782,24576,16384,40960,4778,4096,28672,4096,4096,1,0,86016,1024,69495,0,1048576,4096,1048576,4096,16,0,4,129,1
332,4,1306696341,0,0,259,131072,61440,0,65724,4096,135168,4096,4096,0,0,208896,4096,207407,0,1048576,4096,1048576,4096,16,0,8,263,1
332,4,1126204617,0,0,262,102400,70656,0,25346,4096,106496,4096,512,0,0,282624,1024,0,0,1048576,4096,1048576,4096,16,0,7,116,1
332,4,1304420510,0,0,271,2260992,1101824,0,2107618,4096,2265088,4096,4096,0,0,3366912,4096,0,0,1048576,4096,1048576,4096,16,0,15,472,1
332,3,1208111565,0,0,782,479232,36864,0,4142,4096,483328,4096,4096,5,1,520192,1024,269452,33792,262144,4096,1048576,4096,16,0,3,28,1
332,5,1275493009,0,0,8462,16384,16384,0,17973,4096,20480,4096,4096,0,0,36864,4096,0,0,1048576,4096,1048576,4096,16,0,7,75,1
332,3,1307890279,0,0,271,1241088,73728,643072,1884426,647168,1888256,4096,512,0,0,1961984,4096,0,0,1048576,4096,1048576,4096,16,2,16,21,1
332,2,1277251142,0,0,271,81920,8192,0,11078,4096,86016,4096,512,1,0,106496,1024,0,0,1048576,4096,1048576,4096,16,0,1,130,1
332,2,1304772361,0,0,8462,0,0,0,215284,0,0,4096,512,0,0,217373,512,0,0,1048576,4096,1048576,4096,16,0,1,5,1
332,7,1306049530,0,0,271,3928064,1024000,0,3381228,4096,446464,4096,4096,0,0,3932160,4096,0,0,1048576,4096,1048576,4096,16,0,13,18,1
332,5,1298288071,0,0,8462,491520,233472,0,368887,4096,495616,4096,4096,0,0,794624,4096,0,0,1048576,4096,1048576,4096,16,0,12,410,1
332,3,1306403015,0,0,271,118784,143360,0,5386,4096,122880,4096,4096,1,0,266240,4096,314694,0,1048576,4096,1048576,4096,16,0,1,80,1
332,4,1306376090,0,0,271,430080,163840,0,307491,4096,434176,4096,4096,0,0,663552,4096,0,0,1048576,4096,1048576,4096,16,0,12,411,1
332,12,1296022176,0,0,271,16384,8192,0,3797074,4096,20480,4096,512,3,9,3866624,1024,70483,0,1048576,4096,1048576,4096,16,0,9,14,1
332,6,1307950694,0,0,783,23552,334336,22528,4410,4096,28672,4096,512,1,0,372736,1024,71036,0,2097152,4096,1048576,4096,16,0,4,62,1
332,4,1306324724,0,0,271,466944,1015808,0,343371,4096,471040,4096,4096,0,0,1552384,4096,0,0,1048576,4096,1048576,4096,16,0,12,416,1
332,3,1270674413,0,0,271,4096,4096,0,192946,155648,159744,4096,512,0,0,200704,512,69073,0,1048576,16384,1048576,4096,16,0,1,4,1
332,4,1129254839,0,0,259,108032,81408,0,28274,4096,114688,4096,512,0,0,319488,1024,0,0,1048576,4096,1048576,4096,16,0,4,36,1
332,9,708992537,0,0,41358,1601536,264704,0,1892395,4096,1605632,4096,512,0,0,1904640,1024,0,1,0,0,1048576,4096,16,1,16,18,1
332,4,1306228392,0,0,8462,80896,6144,0,41021,1024,81920,512,512,0,0,88064,1024,0,0,1048576,4096,1048576,4096,16,0,15,265,1
332,4,1198851095,0,0,271,28672,2560,0,31923,4096,12,4096,512,0,0,73728,512,66121,0,1048576,4096,1048576,4096,16,0,2,9,1
332,5,0,0,0,271,18432,0,0,2136538,2129920,0,4096,4096,0,0,4448256,4096,0,0,1048576,4096,1048576,4096,16,0,6,73,1
332,4,1126204617,0,0,262,107520,75264,0,25346,4096,114688,4096,512,0,0,581632,1024,0,0,1048576,4096,1048576,4096,16,0,6,114,1
332,4,1131794505,0,0,262,99328,82432,0,24786,4096,106496,4096,512,0,0,319488,1024,0,0,1048576,4096,1048576,4096,16,0,7,47,1
332,3,708992537,0,0,41358,176128,8192,307200,485770,311296,487424,4096,512,0,0,495616,4096,0,1,0,0,1048576,4096,16,2,8,9,1
332,6,1295604804,0,0,271,53248,8192,0,86058,4096,57344,4096,512,1,0,94208,4096,121322,0,1048576,4096,1048576,4096,16,0,1,21,1
332,4,1198851095,0,0,271,28672,2560,0,31923,4096,12,4096,512,0,0,73728,512,66121,0,1048576,4096,1048576,4096,16,0,2,9,1
332,4,1308190600,0,0,271,462848,614400,0,338941,4096,466944,4096,4096,0,0,1245184,4096,0,0,1048576,4096,1048576,4096,16,0,12,422,1
332,2,1277234598,0,0,271,81920,8192,0,97422,4096,86016,4096,512,1,0,98304,1024,43586,0,1048576,4096,1048576,4096,16,0,1,4,1
332,5,708992537,0,0,33167,0,0,0,2501587,0,0,4096,512,0,0,2535424,1024,2142660,0,1048576,16384,1048576,4096,16,0,27,27,1
332,3,1307354979,0,0,271,49152,458752,0,4482,4096,53248,4096,4096,1,0,516096,4096,67081,0,1048576,4096,1048576,4096,16,0,1,33,1
332,6,1308693349,0,0,783,15872,6656,37888,4778,4096,20480,4096,512,1,0,77824,1024,0,0,1048576,4096,1048576,4096,16,0,4,73,1
332,4,1198851095,0,0,271,28672,2560,0,36906,4096,12,4096,512,0,0,73728,512,66121,0,1048576,4096,1048576,4096,16,0,1,17,1
332,4,1299160825,0,0,271,1536,131584,0,5194,4096,8192,4096,512,0,0,147456,1024,0,0,1048576,4096,1048576,4096,16,0,5,48,1
332,4,996363712,0,0,8450,57344,16384,0,5137,4096,61440,4096,512,443,38176,77824,1024,0,0,2097152,28672,524288,4096,16,0,12,122,1
332,5,1305179446,0,0,8462,74240,36352,0,76859,4096,81920,4096,512,0,0,126976,1024,0,0,1048576,4096,1048576,4096,16,0,16,307,1
332,5,1305967742,0,0,258,25600,36352,0,4940,4096,32768,4096,512,0,0,77824,1024,81561,33088,1048576,4096,1048576,4096,16,0,1,59,1
332,12,1266571805,0,0,271,8192,4096,0,3788882,4096,12288,4096,512,1,0,3788820,1024,50038,0,1048576,4096,1048576,4096,16,0,8,13,1
332,4,1126204617,0,0,262,107520,75776,0,25346,4096,114688,4096,512,0,0,450560,1024,0,0,1048576,4096,1048576,4096,16,0,6,114,1
332,5,1306367546,0,0,271,0,0,0,2836097,0,0,4096,4096,0,0,2879488,4096,1762002,0,1048576,4096,1048576,4096,16,0,18,18,1
332,8,708992537,0,0,33166,1512960,596992,0,1516514,4096,1519616,4096,512,0,0,2146304,1024,2132284,0,1048576,16384,1048576,4096,16,0,26,535,1
332,4,1308099427,0,0,271,4096,32768,0,41002,256,45056,4096,512,0,0,81920,512,64012,0,1048576,16384,1048576,4096,16,0,1,3,1
332,4,1127641964,0,0,262,98304,73728,0,27810,4096,102400,4096,512,0,0,282624,1024,0,0,1048576,4096,1048576,4096,16,0,3,46,1
332,4,1129415271,0,0,259,112640,77824,0,27090,4096,118784,4096,512,0,0,319488,1024,0,0,1048576,4096,1048576,4096,16,0,4,26,1
332,3,1299160825,0,0,271,1536,134656,0,184362,4096,8192,4096,512,0,0,184832,1024,99785,0,1048576,4096,1048576,4096,16,0,1,4,1
332,3,1306597438,0,0,271,638976,8192,1347584,1988458,1351680,1990656,4096,512,0,0,1998848,4096,0,0,1048576,4096,1048576,4096,16,2,17,22,1
332,4,1294980852,0,0,271,2560,40448,0,4138,4096,8192,4096,512,0,0,57344,1024,62490,0,1048576,4096,1048576,4096,16,0,3,32,1
332,4,1198851095,0,0,271,35840,0,0,36906,4096,32768,4096,512,0,0,73728,1024,99899,0,1048576,4096,1048576,4096,16,0,1,17,1
332,2,1198851095,0,0,271,28672,2560,0,31923,4096,32768,4096,512,0,0,36864,1024,66121,0,1048576,4096,1048576,4096,16,0,2,9,1
332,5,1307541401,0,0,271,729088,4096,294912,1753130,299008,1028096,4096,512,2,6,1761280,1024,1501029,0,1048576,4096,1048576,4096,16,2,1,21,1
332,9,708992537,0,0,33166,35840,560640,0,622650,4096,40960,4096,512,0,0,730442,1024,0,0,1048576,16384,1048576,4096,16,0,1,1,1
332,2,1198851095,0,0,271,28672,2560,0,4138,4096,32768,4096,512,0,0,98304,1024,112235,0,1048576,4096,1048576,4096,16,0,1,4,1
332,4,1192207932,0,0,271,28160,1024,0,36906,4096,12,4096,512,0,0,73728,512,95260,0,1048576,4096,1048576,4096,16,0,1,17,1
332,4,1131513157,0,0,259,104448,68608,0,25970,4096,110592,4096,512,0,0,282624,1024,0,0,1048576,4096,1048576,4096,16,0,4,36,1
332,3,1112098530,0,0,258,999424,4096,880640,1878026,884736,1884160,4096,512,0,0,1888256,4096,0,33088,1048576,4096,1048576,4096,16,2,6,11,1
332,4,1305033394,0,0,271,641536,8704,0,4146,4096,8192,4096,512,0,0,3678208,4096,0,0,1048576,4096,1048576,4096,16,0,4,48,1
332,6,1296022176,0,0,271,16384,8192,0,11781,4096,20480,4096,4096,3,9,3780608,4096,644550,0,1048576,4096,1048576,4096,16,0,8,13,1
332,6,1305081319,0,0,783,16384,6656,35328,4778,4096,20480,4096,512,1,0,73728,1024,0,0,1048576,4096,1048576,4096,16,0,4,76,1
332,5,1306432809,0,0,271,0,0,0,3141009,0,0,4096,4096,0,0,3198976,4096,2360346,0,1048576,4096,1048576,4096,16,0,16,16,1
332,4,1305033394,0,0,271,3072,29696,0,4138,4096,8192,4096,512,0,0,868352,4096,0,0,1048576,4096,1048576,4096,16,0,4,50,1
332,7,1282845832,0,0,271,0,645120,0,36907,53248,57344,4096,512,0,0,655360,1536,670610,0,1048576,16384,1048576,4096,16,1,2,4,1
332,2,1199631091,0,0,271,512,5120,0,562,512,1024,512,512,4,0,6144,512,52216,0,1048576,4096,1048576,4096,16,0,1,1,1
332,3,1251449388,0,0,271,45056,8192,0,6494,4096,49152,4096,4096,1,0,57344,4096,69620,0,1048576,4096,1048576,4096,16,0,1,123,1
332,3,1091599297,0,0,271,39424,2424832,0,25734,4096,45056,4096,512,5,1,2478080,1024,2525387,33792,262144,4096,1048576,4096,16,0,6,134,1
332,11,0,0,0,783,20480,118784,0,2153397,2134016,2154496,4096,512,0,0,2174976,1024,0,0,1048576,8192,1048576,4096,16,0,14,15,1
332,11,708992537,1919896667,1564823652,33166,570880,72704,0,684142,4096,573440,4096,512,0,0,684544,1024,682018,0,1048576,16384,1048576,4096,16,0,24,575,1
332,3,1281136751,0,0,271,81920,4096,0,106242,4096,86016,4096,512,0,0,110592,1024,30265,0,1048576,4096,1048576,4096,16,0,1,4,1
332,4,1307554819,0,0,271,13824,400384,0,16942,4096,20480,4096,512,0,0,425984,1024,155923,0,1048576,4096,1048576,4096,16,0,5,92,1
332,2,1175430716,0,0,271,28160,1024,0,31351,4096,12,4096,512,0,0,73728,512,95260,0,1048576,4096,1048576,4096,16,0,1,8,1
332,4,1306524123,0,0,271,548864,2256896,0,411625,4096,552960,4096,4096,0,0,3014656,4096,0,0,1048576,4096,1048576,4096,16,0,14,473,1
332,5,1307486954,0,0,258,25600,36352,0,4768,4096,32768,4096,512,0,0,77824,1024,108406,33088,1048576,4096,1048576,4096,16,0,2,61,1
332,4,1126204617,0,0,262,101376,69632,0,25346,4096,106496,4096,512,0,0,278528,1024,0,0,1048576,4096,1048576,4096,16,0,7,82,1
332,8,708992537,0,0,33166,94208,20480,0,97802,4096,98304,4096,512,0,0,139264,1024,129750,0,1048576,16384,1048576,4096,16,0,16,227,1
332,3,1307332855,0,0,271,524288,8192,1290240,1817162,1294336,1818624,4096,512,0,0,1826816,4096,0,0,1048576,4096,1048576,4096,16,2,15,20,1
332,5,1308154438,0,0,8462,71168,32768,0,73645,4096,77824,4096,512,0,0,118784,1024,0,0,1048576,4096,1048576,4096,16,0,17,314,1
332,3,708992537,1919896667,1564823652,33167,0,274432,737280,748228,4096,741376,4096,512,0,0,1021917,1024,324703,0,1048576,16384,1048576,4096,10,0,18,23,1
332,13,766348714,0,0,783,121856,260725,0,3920013,3768320,45056,4096,512,6,56,3919913,1024,208729,0,1048576,4096,4096,4096,639133386,0,6,8,1
332,5,1299051624,0,0,259,72192,25600,0,46303,4096,77824,4096,512,0,0,176128,1024,0,34048,1048576,4096,1048576,4096,16,0,10,166,1
332,4,1305962891,0,0,271,487424,180224,0,489562,4096,491520,4096,4096,0,0,872448,4096,0,0,1048576,4096,1048576,4096,16,0,12,416,1
332,12,708992537,0,0,41358,286720,790528,0,886273,655360,610304,4096,4096,0,0,1855488,4096,1094697,1,1048576,4096,1048576,4096,16,0,11,164,1
332,4,1131362545,0,0,262,97792,68608,0,25074,4096,102400,4096,512,0,0,282624,1024,0,0,1048576,4096,1048576,4096,16,0,7,47,1
332,8,708992537,0,0,33167,627200,66560,0,630622,4096,634880,4096,512,0,0,778240,1024,0,0,1048576,16384,1048576,4096,16,0,22,527,1
332,5,1198851095,0,0,783,0,85504,0,43853,36864,32768,4096,512,0,0,147456,1024,0,0,1048576,4096,1048576,4096,16,0,2,21,1
332,3,1198851095,0,0,783,144384,74752,0,45106,36864,32768,4096,512,0,0,155648,1024,123141,0,1048576,4096,1048576,4096,16,0,4,4,1
332,5,891113038,935357546,503959,33167,618496,1581056,962560,4138,4096,930709504,4096,512,2,45,931962880,1024,0,0,1220608,32768,1130496,8192,1344134128,0,4,225,1
332,4,1305033394,0,0,271,641536,8704,0,4202,4096,8192,4096,512,0,0,3678208,4096,0,0,1048576,4096,1048576,4096,16,0,4,48,1
332,4,1126235913,0,0,262,94208,76800,0,27026,4096,98304,4096,512,0,0,438272,1024,0,0,1048576,4096,1048576,4096,16,0,10,219,1
332,6,1307451654,0,0,271,1015808,1015808,0,2404395,4096,1019904,4096,512,0,0,2514944,1024,0,0,1048576,4096,1048576,4096,16,1,19,21,1
332,7,1267471165,0,0,271,0,70144,0,5387,4096,49152,4096,512,1,1,77824,4096,136528,0,1048576,4096,1048576,4096,16,0,1,38,1
332,6,1198851095,0,0,271,28672,2560,0,41003,4096,32768,4099,512,0,0,77824,1024,66121,0,1048576,4096,1048576,4096,16,0,0,0,1
332,4,1306248514,0,0,271,495616,212992,0,372887,4096,499712,4096,4096,0,0,778240,4096,0,0,1048576,4096,1048576,4096,16,0,12,412,1
332,2,1164999799,0,0,783,142336,69632,0,41010,32768,32768,4096,512,0,0,151552,512,134560,0,1048576,4096,1048576,4096,16,0,4,4,1
332,4,1293523025,0,0,783,124416,124928,8192,73778,65536,8192,8192,512,0,0,188416,512,169637,34112,1048576,4096,1048576,4096,16,0,4,4,1
332,3,1307738997,0,0,271,221184,16384,0,8546,4096,225280,4096,4096,1,0,241664,4096,287552,0,1048576,4096,1048576,4096,16,0,1,116,1
332,6,708992537,1919896667,1564823652,33166,569344,70144,0,921145,4096,0,4096,512,0,0,954368,1024,255129,0,1048576,16384,1048576,4096,16,0,15,20,1
332,13,1123674043,0,0,271,188416,8192,393216,598058,397312,585728,4096,512,0,0,679936,1024,275934,0,1048576,4096,1048576,4096,16,0,1,21,1
332,6,1996928137,14087,1575897956,271,135168,700416,565248,712746,4096,139264,4096,512,4,21,724992,1024,0,0,1519616,8192,1814528,8192,1194382932,0,2,4,1
332,5,1303782085,1919896667,1564823652,271,20480,4096,57344,102442,61440,81920,4096,512,4,5,110592,512,76369,0,1048576,4096,1048576,4096,16,0,1,21,1
332,2,568087415,0,0,33167,0,0,0,4138,4096,3948544,4096,512,0,0,4155677,512,0,0,1048576,4096,1048576,4096,16,0,1,6,1
332,4,1239435887,0,0,259,12288,47104,0,16366,4096,16384,4096,512,0,0,69632,1024,79977,0,1048576,4096,1048576,4096,16,0,0,0,1
332,5,1198851095,0,0,783,152064,75776,0,81970,73728,32768,4096,512,0,0,192512,1024,166191,0,1048576,4096,1048576,4096,16,0,4,4,1
332,5,1303782085,0,0,271,20480,4096,57344,102442,61440,81920,4096,512,4,5,110592,1024,76369,0,1048576,4096,1048576,4096,16,0,1,21,1
332,3,708992537,0,0,33167,0,319116,937984,481186,4096,942080,4096,512,0,0,1282048,4096,375871,0,1048576,16384,1048576,4096,16,0,24,538,1
332,4,1306334840,0,0,271,491520,266240,0,352895,4096,495616,4096,4096,0,0,901120,4096,0,0,1048576,4096,1048576,4096,16,0,15,469,1
332,5,1268634470,0,0,259,67584,24064,0,42971,4096,73728,4096,512,0,0,151552,1024,145124,34048,1048576,4096,1048576,4096,16,0,9,163,1
332,2,1277250911,0,0,271,81920,8192,0,97418,4096,86016,4096,512,1,0,98304,1024,82856,0,1048576,4096,1048576,4096,16,0,1,4,1
332,5,1308181512,0,0,258,25600,28160,0,4906,4096,32768,4096,512,0,0,69632,1024,76486,33088,1048576,4096,1048576,4096,16,0,2,63,1
332,4,1305033394,0,0,271,641536,8704,0,4214,4096,8192,4096,512,0,0,3678208,4096,0,0,1048576,4096,1048576,4096,16,0,4,48,1
332,3,1225793729,0,0,271,225280,4096,155648,381546,159744,385024,4096,512,4,0,389120,4096,0,0,1048576,4096,1048576,4096,16,2,5,10,1
332,4,1305033394,0,0,271,641536,8704,0,4190,4096,8192,4096,512,0,0,3678208,4096,0,0,1048576,4096,1048576,4096,16,0,4,48,1
332,3,1304483383,0,0,271,53248,12288,0,6130,4096,57344,4096,4096,1,0,69632,4096,74313,0,1048576,4096,1048576,4096,16,0,0,0,1
332,3,1208111565,0,0,271,39424,1550848,0,25734,4096,45056,4096,512,5,1,1605632,1024,1593547,33792,262144,4096,1048576,4096,16,0,6,134,1
332,5,1308431508,0,0,271,20480,8192,0,581693,4096,24576,4096,4096,3,1,593920,4096,653736,0,1048576,4096,1048576,4096,16,0,5,125,1
332,4,1002191442,0,0,8450,57344,16384,0,5137,4096,61440,4096,512,42022,14576,77824,1024,0,0,1048576,8192,262144,16384,16,0,12,128,1
332,2,1304772361,0,0,8462,0,0,0,215284,0,0,4096,512,0,0,217373,512,0,0,1048576,4096,1048576,4096,16,0,1,5,1
332,6,17,0,0,258,16384,36864,0,16841,4096,20480,4096,512,0,0,16838656,1024,0,32768,1048576,4096,1048576,4096,16,0,1,21,1
332,5,1307011595,0,0,258,25600,36352,0,5022,4096,32768,4096,512,0,0,77824,1024,109432,33088,1048576,4096,1048576,4096,16,0,1,61,1
332,8,1287965391,0,0,271,392704,131584,0,4902,4096,397312,4096,512,0,0,565248,1536,623672,0,1048576,8192,1048576,4096,16,0,6,353,1
332,6,1307973832,0,0,783,8704,28672,512,4410,4096,16384,4096,512,1,0,53248,4096,0,0,2097152,4096,1048576,4096,16,0,3,34,1
332,4,1285814330,0,0,259,299008,3780608,0,204298,4096,303104,4096,4096,0,0,4280320,4096,4131972,0,1048576,4096,1048576,4096,16,0,16,399,1
332,7,1246101933,1919896667,1564823652,271,18944,16384,0,53464,4096,24576,4096,512,0,0,57344,1024,0,0,1048576,4096,1048576,4096,16,0,1,2,1
332,4,1071826598,13875,129079353,271,126976,647168,520192,17119,4096,131072,4096,512,2,35,659456,1024,0,0,1323008,8192,1642496,8192,1236432464,0,2,16,1
332,5,1306047918,0,0,8462,598016,344064,0,462126,4096,602112,4096,4096,0,0,1011712,4096,0,0,1048576,4096,1048576,4096,16,0,13,458,1
332,3,1306782855,0,0,271,32768,8192,0,5118,4096,36864,4096,4096,35,4,45056,4096,95342,0,1048576,4096,1048576,4096,16,0,2,83,1
332,8,708992537,0,0,33167,627200,66048,0,630622,4096,634880,4096,512,0,0,778240,1024,0,0,1048576,16384,1048576,4096,16,0,22,527,1
332,3,1091599297,0,0,271,39424,254464,0,25734,4096,45056,4096,512,5,1,307200,1024,316816,33792,262144,4096,1048576,4096,16,0,6,134,1
332,5,1308118613,0,0,271,77824,134144,0,77866,77824,81920,4096,512,0,0,147456,512,195615,0,1048576,16384,1048576,4096,16,0,0,0,1
